Career,Skills,Interests,Education,Personality
Software Developer,"programming, problem solving, mathematics","technology, innovation, automation","Computer Science, Information Technology,none","Analytical, Detail-oriented, Creative"
Data Scientist,"statistics, programming, data analysis","data, research, machine learning","Statistics, Computer Science, Mathematics,none","Curious, Analytical, Problem Solver"
Graphic Designer,"creativity, design, communication","art, media, aesthetics","Graphic Design, Fine Arts,none","Creative, Detail-oriented, Visual"
Marketing Manager,"communication, strategic planning, creativity","business, media, branding","Marketing, Business Administration,none","Extroverted, Creative, Organized"
Mechanical Engineer,"mechanics, problem solving, design","engineering, technology, manufacturing","Mechanical Engineering, Engineering,none","Analytical, Detail-oriented, Practical"
"electrician,plumber,carpenter","Manual dexterity,Technical knowledge,Problem-solving","Hands-on work,Building,repairing,Machinery","Technical systems,Machinery,Technical knowledge,none","Practical,Reliable,Detail-oriented,Mechanically inclined"
"Chief Executive Officer (CEO),Entrepreneur/Startup Founder","Leadership,Strategic thinking,Risk management,Innovation","Business development,Startups,Market trends,Financial growth","Business, Entrepreneurship,BA,none","Ambitious,Self-motivated,Resilient,Visionary"
Pharmacologist,"Analytical thinking,Research proficiency,Laboratory skills","Innovation,Healthcare,discovery","Bachelor’s,pharma,Ph.D,none","Inquisitive,Methodical,Detail-oriented,Persistent"
Environmental Scientist,"Analytical thinking,Research proficiency,Data interpretation","Scientific discovery,Innovation,Environmental issues","Bachelor’s, Master’s,scientific fields,none","Inquisitive,Methodical,Detail-oriented,Persistent"
doctor,"Medical knowledge,Compassion,Attention to detail,Physical stamina","Helping others,Science,biology,Medical technology,Patient care","DPH,DMD,DDS,PhD,DO,DPH,none","Empathetic,Responsible,Resilient,Detail-oriented"
Therapist,"Empathy,Communication,Problem-solving,Organizational skills","Helping individuals and communities,Social justice,Community development,Mental health","Master's degree,Bachelor's degree,PhD, PsyD , EdS,none","Compassionate,Patient,Resilient,Strong communicator"
Accountant and Financial Analyst,"Financial analysis,Strategic planning,Leadership,Communication","Economics,Business management,Investment,Market trends","Bachelor’s , higher in Business, Finance, Economics,none","Analytical,Strategic thinker,Leadership-oriented,Detail-focused"
Teacher/Professor and Academic Advisor,"Instructional design,Communication,Patience,Organizational skills","Teaching and mentoring,Curriculum development,Educational technology,Lifelong learning","B.Ed,Certification programs,Master's degree,none","Patient,Communicative,Inspirational,Adaptable"
"Lawyer,Mediator,Judge,Paralegal","Critical thinking,Research,Negotiation,problem solving","Law and justice,Advocacy,Policy development,Regulatory compliance","BA LLB, BBA LLB, BSc LLB,BCom LLB,bachelor's degree ,Juris Doctorate, none","Analytical,Persuasive,Ethical,Detail-oriented"
"Solo Artist or Band Member,Musician","musical instruments,crafting melodies, harmonies,lyrics","concerts,albums,media,dance","Songwriting,BPA,B.F.A in music,BMus,none","creative,imaginative,Patient,persistent"
 Actor/Actress,"Acting Techniques,facial Expression,Memorization","film shoots,auditions,dramas,roles","BFA,MFA,none","Confidence,Adaptability,Persistence,Empathy,Resilience"
journalist,"Writing,Communication,Research,Investigation,Critical Thinking,Analytical Skills,Interviewing Skills,Ethical Judgment","Storytelling,Investigation,Volunteering","BJ,BJMC,none","Sociable,Ethical,Responsible,Curious,Inquisitive,Adaptable,Resourceful,Resilient"
Architect," Designing,Visualization,Sketch,Communication,Collaboration,Mathematics,Geometrical","building,arts,designing,Development","B.Arch,M.Arch,ARE,AXP,none","Creative,Imaginative,scientific,Leadership,teamwork"
artist,"drawing,painting,sketch","arts,auction,sculptures,desinging,animation","BFA,none","creative,imaginative,expressive"
